player_id,name,date_of_birth,reason
848682,Kosta Nedeljković,2005-12-16,no_verified_fm_identity
1009658,Julio Soler,2005-02-16,no_verified_fm_identity
1089802,Remy Rees-Dottin,2006-03-06,no_verified_fm_identity
739443,Igor Thiago,2001-06-26,no_verified_fm_identity
626724,João Pedro,2001-09-26,no_verified_fm_identity
1047256,Asher Agbinone,2005-09-28,no_verified_fm_identity
1047261,Caleb Kporha,2006-07-15,no_verified_fm_identity
967319,Romain Esse,2005-05-13,no_verified_fm_identity
623570,Iliman Ndiaye,2000-03-06,no_verified_fm_identity
856479,Roman Dixon,2004-12-26,no_verified_fm_identity
992686,Martial Godo,2003-03-14,no_verified_fm_identity
146509,Conor Townsend,1993-03-04,no_verified_fm_identity
528892,Harry Clarke,2001-03-02,no_verified_fm_identity
123551,Sam Morsy,1991-09-10,no_verified_fm_identity
292139,Sammie Szmodics,1995-09-24,no_verified_fm_identity
1005649,Murillo,2002-07-04,no_verified_fm_identity
503866,Albert Grønbaek,2001-05-23,no_verified_fm_identity
336367,Joe Lumley,1995-02-15,no_verified_fm_identity
729264,Welington,2001-02-19,no_verified_fm_identity
922563,Oliver Scarles,2005-12-12,no_verified_fm_identity
821522,Alfie Pond,2004-02-17,no_verified_fm_identity
136401,Daniel Bentley,1993-07-13,no_verified_fm_identity
215810,Tom King,1995-03-09,no_verified_fm_identity
1187629,Max Dowman,2009-12-31,no_verified_fm_identity
1005583,Alysson,2006-05-05,no_verified_fm_identity
1023191,George Hemmings,2007-04-03,no_verified_fm_identity
989112,Veljko Milosavljević,2007-06-28,no_verified_fm_identity
1091562,Romelle Donovan,2006-11-30,no_verified_fm_identity
1060087,Charalampos Kostoulas,2007-05-30,no_verified_fm_identity
914269,Nehemiah Oriola,2007-06-11,no_verified_fm_identity
933018,Tom Watson,2006-04-08,no_verified_fm_identity
612517,Bashir Humphreys,2003-03-15,no_verified_fm_identity
541628,Oliver Sonne,2000-11-10,no_verified_fm_identity
1135611,Jesse Derry,2007-06-30,no_verified_fm_identity
1348941,Joél Drakes-Thomas,2009-06-09,no_verified_fm_identity
900195,Kevin,2003-01-04,no_verified_fm_identity
1085591,Bendito Mantato,2008-01-25,no_verified_fm_identity
926309,Shea Lacey,2007-04-14,no_verified_fm_identity
1049911,Tyler Fletcher,2007-03-19,no_verified_fm_identity
900601,Alex Murphy,2004-06-25,no_verified_fm_identity
984096,Jair Cunha,2005-03-07,no_verified_fm_identity
605426,Melker Ellborg,2003-05-22,no_verified_fm_identity
240692,Reinildo Mandava,1994-01-21,no_verified_fm_identity
999743,James Rowswell,2006-07-13,no_verified_fm_identity
1196272,Jun'ai Byfield,2008-12-06,no_verified_fm_identity
1086258,Souza,2006-06-16,no_verified_fm_identity
1107726,Ezra Mayers,2007-01-16,no_verified_fm_identity
697280,George Earthy,2004-09-05,no_verified_fm_identity
1081995,Mohamadou Kanté,2005-09-20,no_verified_fm_identity
817665,Pablo,2004-01-02,no_verified_fm_identity
1064471,Fer López,2004-05-24,no_verified_fm_identity
1370903,Jerome Abbey,2009-09-16,no_verified_fm_identity
1065227,Tom Edozie,2006-05-18,no_verified_fm_identity
718034,Abde Rebbach,1998-08-11,no_verified_fm_identity
608382,Adrian Rodriguez,2000-12-12,no_verified_fm_identity
631693,Jesús Owono,2001-03-01,no_verified_fm_identity
1063553,Pau Cabanes,2005-02-17,no_verified_fm_identity
401571,Tomás Conechny,1998-03-30,no_verified_fm_identity
710671,Adama Boiro,2002-06-22,no_verified_fm_identity
1120228,Endika Buján,2003-01-16,no_verified_fm_identity
834752,Unai Gómez,2003-05-25,no_verified_fm_identity
255488,Yeray Álvarez,1995-01-24,no_verified_fm_identity
61812,Yuri Berchiche,1990-02-10,no_verified_fm_identity
636703,Fermin López,2003-05-11,no_verified_fm_identity
523318,Anastasios Douvikas,1999-08-02,no_verified_fm_identity
715628,Damián Rodríguez,2003-03-17,no_verified_fm_identity
166677,Brian Oliván,1994-04-01,no_verified_fm_identity
1255616,Alberto Risco,2005-08-30,no_verified_fm_identity
1033005,Coba da Costa,2002-07-26,no_verified_fm_identity
941869,Yellu Santiago,2004-05-25,no_verified_fm_identity
826224,Arnau Martinez,2003-04-25,no_verified_fm_identity
362842,Arthur Melo,1996-08-12,no_verified_fm_identity
1337084,Papa Ba,2004-04-19,no_verified_fm_identity
1169436,Vladyslav Krapyvtsov,2005-06-25,no_verified_fm_identity
1210422,Aboubacar Bassinga,2005-07-13,no_verified_fm_identity
282672,Benito Ramírez,1995-07-11,no_verified_fm_identity
1134878,Diego Martín,2003-08-13,no_verified_fm_identity
531062,Fabio González,1997-02-12,no_verified_fm_identity
566574,Kirian Rodríguez,1996-03-05,no_verified_fm_identity
199369,Sandro Ramírez,1995-07-09,no_verified_fm_identity
1338984,Sergio Viera,2005-05-08,no_verified_fm_identity
1271065,Valentín Pezzolesi,2007-04-16,no_verified_fm_identity
535959,Duk,2000-02-16,no_verified_fm_identity
223725,Munir El Haddadi,1995-09-01,no_verified_fm_identity
513031,Antonio Sánchez,1997-04-22,no_verified_fm_identity
657430,Samu Costa,2000-11-27,no_verified_fm_identity
331496,Valery Fernández,1999-11-23,no_verified_fm_identity
634131,Aimar Oroz,2001-11-27,no_verified_fm_identity
713644,Bryan Zaragoza,2001-09-09,no_verified_fm_identity
692208,Pelayo Fernandez,2003-04-29,no_verified_fm_identity
724520,Abde Ezzalzouli,2001-12-17,no_verified_fm_identity
1061283,Mateo Flores,2004-04-07,no_verified_fm_identity
962124,Daniel Yáñez,2007-03-28,no_verified_fm_identity
935230,Gonzalo García,2004-03-24,no_verified_fm_identity
709997,Lorenzo Aguado,2002-09-19,no_verified_fm_identity
676042,Juanlu Sánchez,2003-08-15,no_verified_fm_identity
882710,Ramón Martínez,2002-10-22,no_verified_fm_identity
148928,Saúl Ñíguez,1994-11-21,no_verified_fm_identity
327126,Anuar,1995-01-15,no_verified_fm_identity
636686,Arnau Rafús,2003-04-27,no_verified_fm_identity
1061260,Iago Parente,2006-02-25,no_verified_fm_identity
1367276,Ibrahim Alani,2006-07-29,no_verified_fm_identity
948273,Mario Martín,2004-03-05,no_verified_fm_identity
834486,Raúl Chasco,2003-09-13,no_verified_fm_identity
377219,Selim Amallah,1996-11-15,no_verified_fm_identity
341713,Diego Conde,1998-10-28,no_verified_fm_identity
484988,Logan Costa,2001-04-01,no_verified_fm_identity
935232,Aitor Mañas,2003-01-05,no_verified_fm_identity
945760,Carlos Ballestero,2004-04-24,no_verified_fm_identity
620696,Ibrahim Diabaté,1999-11-17,no_verified_fm_identity
895591,Lander Pinillos,2003-10-06,no_verified_fm_identity
1124136,Ángel Pérez,2002-06-08,no_verified_fm_identity
979324,Eder García,2004-01-04,no_verified_fm_identity
1312698,Selton Sánchez,2007-02-20,no_verified_fm_identity
1179482,Iker Luque,2005-06-05,no_verified_fm_identity
1209287,Jano Monserrate,2006-01-28,no_verified_fm_identity
1250522,Javi Morcillo,2006-03-15,no_verified_fm_identity
945753,Julio Diaz,2005-01-10,no_verified_fm_identity
1453065,Miguel Cubo,2008-02-08,no_verified_fm_identity
1114187,Taufik Seidu,2008-01-20,no_verified_fm_identity
1071596,Dro Fernández,2008-01-12,no_verified_fm_identity
1009765,Jofre Torrents,2007-01-28,no_verified_fm_identity
960571,Jones El-Abdellaoui,2006-01-12,no_verified_fm_identity
962125,Buba Sangaré,2007-08-06,no_verified_fm_identity
337946,Jairo Izquierdo,1993-10-22,no_verified_fm_identity
627290,John Donald,2000-09-25,no_verified_fm_identity
277533,Josan,1989-12-03,no_verified_fm_identity
527972,Mourad El Ghezouani,1998-05-27,no_verified_fm_identity
1186244,Álex Sánchez,2006-03-05,no_verified_fm_identity
1101356,Lluc Castell,2006-09-19,no_verified_fm_identity
1118201,Alejandro Mestanza,2004-12-07,no_verified_fm_identity
1268764,Davinchi,2007-10-16,no_verified_fm_identity
945767,Hugo Solozabal,2003-02-07,no_verified_fm_identity
1000135,Joselu Pérez,2004-03-12,no_verified_fm_identity
898352,Sebastián Boselli,2003-12-04,no_verified_fm_identity
560705,Álex Sancris,1997-01-18,no_verified_fm_identity
1025582,Juan Arango,2006-06-27,no_verified_fm_identity
1063340,Kareem Tunde,2005-08-19,no_verified_fm_identity
1371830,Nacho Pérez,2008-08-29,no_verified_fm_identity
921345,Tay Abed,2004-08-03,no_verified_fm_identity
590690,Víctor García,1997-09-16,no_verified_fm_identity
1385448,Javier Olaizola,2007-03-15,no_verified_fm_identity
1393997,Miguel Calatayud,2006-04-26,no_verified_fm_identity
1038512,Asier Osambela,2004-10-30,no_verified_fm_identity
1065442,Iñigo Arguibide,2005-04-19,no_verified_fm_identity
538006,Kwasi Sibo,1998-06-24,no_verified_fm_identity
349884,Lucas Ahijado,1995-01-30,no_verified_fm_identity
337284,Ovie Ejaria,1997-11-18,no_verified_fm_identity
1081496,Pablo Agudín,2007-11-08,no_verified_fm_identity
1111831,Iván Corralejo,2007-05-01,no_verified_fm_identity
1208520,Diego Aguado,2007-02-07,no_verified_fm_identity
1186235,Jorge Cestero,2006-03-24,no_verified_fm_identity
1186245,Victor Valdepeñas,2006-10-20,no_verified_fm_identity
1063598,Gorka Carrera,2005-05-15,no_verified_fm_identity
1354775,Ibai Aguirre,2007-01-10,no_verified_fm_identity
1055860,Iñaki Rupérez,2003-01-07,no_verified_fm_identity
1201529,Lander Astiazaran,2006-04-07,no_verified_fm_identity
709215,Mikel Goti,2002-05-23,no_verified_fm_identity
1007378,Wesley,2005-03-05,no_verified_fm_identity
1144999,Luck Zogbé,2005-03-24,no_verified_fm_identity
639712,Etienne Youte Kinkoue,2002-01-14,no_verified_fm_identity
575319,Kandet Diawara,2000-02-10,no_verified_fm_identity
60543,Mathieu Gorgelin,1990-08-05,no_verified_fm_identity
923838,Steve Ngoura,2005-02-22,no_verified_fm_identity
646402,Abner,2000-05-27,no_verified_fm_identity
745173,Mamadou Coulibaly,2004-04-21,no_verified_fm_identity
371816,Dimitry Bertaud,1998-06-06,no_verified_fm_identity
1075574,Amidou Doumbouya,2007-08-05,no_verified_fm_identity
1180835,Issiaga Camara,2005-02-02,no_verified_fm_identity
984699,Yael Nandjou,2005-07-06,no_verified_fm_identity
872171,Lucas Beraldo,2003-11-24,no_verified_fm_identity
364827,Cédric Kipré,1996-12-09,no_verified_fm_identity
1073032,Ike Orazi,2007-06-11,no_verified_fm_identity
1141560,Kader Meïté,2007-10-11,no_verified_fm_identity
1200419,Djylian N'Guessan,2008-08-30,no_verified_fm_identity
206717,Eduard Sobol,1995-04-20,no_verified_fm_identity
112822,Karl-Johan Johnsson,1990-01-28,no_verified_fm_identity
467632,Cristian Cásseres Jr.,2000-01-20,no_verified_fm_identity
524937,Álex Domínguez,1998-07-30,no_verified_fm_identity
1382453,Bane Diatta,2008-06-27,no_verified_fm_identity
955354,Dan Sinaté,2006-06-09,no_verified_fm_identity
1367596,Mamoudou Cissokho,2007-12-20,no_verified_fm_identity
1091353,Telli Siwe,2004-12-14,no_verified_fm_identity
1228317,Stephan Zagadou,2008-10-24,no_verified_fm_identity
986291,Andrija Bulatović,2006-12-27,no_verified_fm_identity
1088199,Arsène Kouassi,2004-01-02,no_verified_fm_identity
1074628,Arthur Avom,2004-12-15,no_verified_fm_identity
969447,Dermane Karim,2003-12-26,no_verified_fm_identity
1301102,Adil Hamdani,2009-01-21,no_verified_fm_identity
1297673,Believe Munongo,2009-11-23,no_verified_fm_identity
1226357,Brian Madjo,2009-01-12,no_verified_fm_identity
860053,Ismaël Guerti,2004-07-30,no_verified_fm_identity
707063,Malick Mbaye,2004-04-06,no_verified_fm_identity
1038308,Michel Mboula,2003-04-30,no_verified_fm_identity
944355,Mathieu Acapandié,2004-12-14,no_verified_fm_identity
1185887,Mathis Jangeal,2008-06-24,no_verified_fm_identity
170506,Julien López,1992-03-01,no_verified_fm_identity
173750,Nouha Dicko,1992-05-14,no_verified_fm_identity
1189317,Amadou Cissé,2006-02-27,no_verified_fm_identity
1353609,Jean-Baptiste Bosey,2008-02-15,no_verified_fm_identity
1170718,Tyrese Noubissié,2009-05-13,no_verified_fm_identity
743599,Emersonn,2004-07-16,no_verified_fm_identity
535740,Giuseppe Ciocci,2002-01-24,no_verified_fm_identity
885230,Nicola Pintus,2005-05-25,no_verified_fm_identity
85393,Nicolas Viola,1989-10-12,no_verified_fm_identity
330472,Alessio Iovine,1991-02-01,no_verified_fm_identity
877672,Ali Jasim,2004-01-20,no_verified_fm_identity
571271,Ivan Smolčić,2000-08-17,no_verified_fm_identity
392570,Marco Sala,1999-06-04,no_verified_fm_identity
936745,Ismael Konate,2006-03-29,no_verified_fm_identity
942814,Lorenzo Tosto,2006-01-29,no_verified_fm_identity
814446,Luca Marianucci,2004-07-23,no_verified_fm_identity
1058369,Thomas Campaniello,2008-02-29,no_verified_fm_identity
251878,Aarón Martín,1997-04-22,no_verified_fm_identity
818448,Alessandro Marcandalli,2002-10-25,no_verified_fm_identity
312773,Daniele Sommariva,1997-07-18,no_verified_fm_identity
1077175,Honest Ahanor,2008-02-23,no_verified_fm_identity
1061820,Lorenzo Venturino,2006-06-22,no_verified_fm_identity
1111820,Junior Ajayi,2004-10-11,no_verified_fm_identity
979766,Mathis Lambourde,2006-01-09,no_verified_fm_identity
993645,Tomás Palacios,2003-04-28,no_verified_fm_identity
1049598,Diego Pugno,2006-07-07,no_verified_fm_identity
481675,Christos Mandas,2001-09-17,no_verified_fm_identity
555106,Filip Marchwiński,2002-01-10,no_verified_fm_identity
1112449,Tiago Gabriel,2004-12-26,no_verified_fm_identity
894324,Bob Murphy Omoregbe,2003-11-05,no_verified_fm_identity
687347,Emerson,1999-07-27,no_verified_fm_identity
815567,Andrea Mazza,2004-03-19,no_verified_fm_identity
354361,Frank Anguissa,1995-11-16,no_verified_fm_identity
454386,Adrian Benedyczak,2000-11-24,no_verified_fm_identity
827734,Ange-Yoan Bonny,2003-10-25,no_verified_fm_identity
1086619,Giovanni Leoni,2006-12-21,no_verified_fm_identity
663237,Jacob Ondrejka,2002-09-02,no_verified_fm_identity
661212,Mathias Løvik,2003-12-06,no_verified_fm_identity
1004344,Ali Dembélé,2004-01-05,no_verified_fm_identity
798929,Gvidas Gineitis,2004-04-15,no_verified_fm_identity
583404,Marcus Pedersen,2000-07-16,no_verified_fm_identity
1040080,Tommaso Gabellini,2006-10-21,no_verified_fm_identity
27807,Daniele Padelli,1985-10-25,no_verified_fm_identity
1058354,Matteo Palma,2008-03-13,no_verified_fm_identity
524010,Oier Zarraga,1999-01-04,no_verified_fm_identity
566613,Bjarki Bjarkason,2000-05-11,no_verified_fm_identity
439914,John Yeboah,2000-06-23,no_verified_fm_identity
992569,Massimo Pessina,2007-12-25,no_verified_fm_identity
1134304,Joseph Liteta,2006-02-22,no_verified_fm_identity
1228231,Juan Rodríguez,2005-05-30,no_verified_fm_identity
701842,Nicolò Cavuoti,2003-04-04,no_verified_fm_identity
1371793,Paul Mendy,2007-01-13,no_verified_fm_identity
1204163,Andréa Le Borgne,2006-07-27,no_verified_fm_identity
894456,Dachi Lordkipanidze,2005-03-08,no_verified_fm_identity
406042,Dennis Johnsen,1998-02-17,no_verified_fm_identity
897651,Simone Lottici Tessadri,2006-06-30,no_verified_fm_identity
1012731,Luís Balbo,2006-03-28,no_verified_fm_identity
1082774,Amorim,2005-05-18,no_verified_fm_identity
954688,Filippo Carbone,2006-12-29,no_verified_fm_identity
1066134,Jacopo Grossi,2006-10-06,no_verified_fm_identity
1089770,Joi Nuredini,2007-08-05,no_verified_fm_identity
1385195,Latif Ouedraogo,2007-10-23,no_verified_fm_identity
1105948,Mamedi Doucouré,2007-01-19,no_verified_fm_identity
928037,Ioan Vermeșan,2006-10-18,no_verified_fm_identity
851385,Tobias Slotsager,2006-01-01,no_verified_fm_identity
972475,Matteo Lavelli,2006-12-08,no_verified_fm_identity
538079,Alessio Furlanetto,2002-02-07,no_verified_fm_identity
1057563,Christ-Owen Kouassi,2003-04-15,no_verified_fm_identity
1175410,Matías Pérez,2005-04-13,no_verified_fm_identity
748679,Olaf Gorter,2005-01-31,no_verified_fm_identity
582664,Álex Sala,2001-04-09,no_verified_fm_identity
250683,Nikita Contini,1996-05-21,no_verified_fm_identity
976446,Alessandro Cardinali,2006-03-02,no_verified_fm_identity
991459,Daniel Mikołajewski,2006-01-24,no_verified_fm_identity
604207,Filippo Rinaldi,2002-12-04,no_verified_fm_identity
569639,Oliver Jensen,2002-04-30,no_verified_fm_identity
932187,Sascha Britschgi,2006-08-27,no_verified_fm_identity
708186,Tjaš Begić,2003-06-30,no_verified_fm_identity
1191068,Brando Bettazzi,2007-11-15,no_verified_fm_identity
1009030,Lorran,2006-07-04,no_verified_fm_identity
1191069,Louis Buffon,2007-12-28,no_verified_fm_identity
1159022,Mateus Lusuardi,2004-01-08,no_verified_fm_identity
1251220,Antonio Arena,2009-02-10,no_verified_fm_identity
964580,Wesley,2003-09-06,no_verified_fm_identity
406632,Cas Odenthal,2000-09-26,no_verified_fm_identity
1057574,Christian Frangella,2006-10-05,no_verified_fm_identity
659648,Gioele Zacchi,2003-07-10,no_verified_fm_identity
655207,Laurs Skjellerup,2002-08-12,no_verified_fm_identity
984373,Tommaso Macchioni,2006-04-04,no_verified_fm_identity
1210116,Abdoulaye Camara,2008-09-28,no_verified_fm_identity
1118347,Juan Arizala,2005-10-10,no_verified_fm_identity
375877,Vakoun Bayo,1997-01-10,no_verified_fm_identity
364258,Bernardo,1995-05-14,no_verified_fm_identity
94192,Patrick Drewes,1993-02-04,no_verified_fm_identity
884820,Almugera Kabar,2006-06-06,no_verified_fm_identity
696028,Noah Pesch,2005-05-18,no_verified_fm_identity
43824,Kevin Müller,1991-03-15,no_verified_fm_identity
810108,Paul Hennrich,2005-03-06,no_verified_fm_identity
620217,Robin Hranáč,2000-01-29,no_verified_fm_identity
610608,Dominik Javorček,2002-11-02,no_verified_fm_identity
464333,Ivan Nekić,2000-12-24,no_verified_fm_identity
193859,Patrick Erras,1995-01-21,no_verified_fm_identity
296428,Timon Weiner,1999-01-18,no_verified_fm_identity
977464,Arthur,2003-03-17,no_verified_fm_identity
1132292,Faik Sakar,2008-01-14,no_verified_fm_identity
88647,Andreas Albers,1990-03-23,no_verified_fm_identity
526466,Elias Saad,1999-12-27,no_verified_fm_identity
227511,Maurides,1994-03-10,no_verified_fm_identity
620598,Ameen Al-Dakhil,2002-03-06,no_verified_fm_identity
745075,David Preu,2004-10-26,no_verified_fm_identity
621802,Olivier Deman,2000-04-06,no_verified_fm_identity
904723,Aiman Dardari,2005-03-21,no_verified_fm_identity
1162968,Tim Schnitzer,2008-02-07,no_verified_fm_identity
1497653,Bara Sapoko Ndiaye,2007-12-31,no_verified_fm_identity
1259870,Cassiano Kiala,2009-01-11,no_verified_fm_identity
1081907,Deniz Ofli,2007-03-29,no_verified_fm_identity
1330946,Erblin Osmani,2009-05-19,no_verified_fm_identity
1352339,Maycon Cardozo,2008-10-10,no_verified_fm_identity
1074990,Luca Reggiani,2008-01-09,no_verified_fm_identity
1058359,Samuele Inácio,2008-04-02,no_verified_fm_identity
1184986,Love Arrhov,2008-05-17,no_verified_fm_identity
1159439,Rouven Tarnutzer,2007-07-24,no_verified_fm_identity
884822,Charles Herrmann,2006-01-21,no_verified_fm_identity
1294853,Louis Lemke,2009-10-08,no_verified_fm_identity
1058520,Otto Stange,2007-02-09,no_verified_fm_identity
1125079,Shafiq Nandja,2007-01-15,no_verified_fm_identity
974581,Cenny Neumann,2007-01-12,no_verified_fm_identity
1118293,Fynn Schenten,2007-09-14,no_verified_fm_identity
944331,Youssoupha Niang,2006-03-25,no_verified_fm_identity
1058514,Montrell Culbreath,2007-08-29,no_verified_fm_identity
810649,Max Finkgräfe,2004-03-27,no_verified_fm_identity
957874,Rômulo,2002-02-08,no_verified_fm_identity
495752,Taichi Hara,1999-05-05,no_verified_fm_identity
610795,Tomoya Ando,1999-01-10,no_verified_fm_identity
971663,Jeremy Arévalo,2005-03-19,no_verified_fm_identity
897505,Lazar Jovanović,2006-11-30,no_verified_fm_identity
161057,Carl Klaus,1994-01-16,no_verified_fm_identity
1378338,Linus Güther,2010-04-08,no_verified_fm_identity
1045986,Mick Schmetgens,2007-09-09,no_verified_fm_identity
1009440,Jan Bürger,2007-03-10,no_verified_fm_identity
